<annotation>
	<folder>train</folder>
	<filename>frame1234.jpg</filename>
	<path>C:\Users\adamg\Desktop\TFODproject\TFODCourse\Tensorflow\workspace\images\train\frame1234.jpg</path>
	<source>
		<database>Unknown</database>
	</source>
	<size>
		<width>1920</width>
		<height>1080</height>
		<depth>1</depth>
	</size>
	<segmented>0</segmented>
	<object>
		<name>pupil</name>
		<pose>Unspecified</pose>
		<truncated>0</truncated>
		<difficult>0</difficult>
		<bndbox>
			<xmin>1651</xmin>
			<ymin>167</ymin>
			<xmax>1767</xmax>
			<ymax>383</ymax>
		</bndbox>
	</object>
</annotation>
