<annotation>
	<folder>data</folder>
	<filename>frame842.jpg</filename>
	<path>C:\Users\bcpet\Desktop\New Tensorflow Object Detection\TFODCourse\Tensorflow\workspace\images\collectedimages\data\frame842.jpg</path>
	<source>
		<database>Unknown</database>
	</source>
	<size>
		<width>1280</width>
		<height>720</height>
		<depth>1</depth>
	</size>
	<segmented>0</segmented>
	<object>
		<name>pupil</name>
		<pose>Unspecified</pose>
		<truncated>0</truncated>
		<difficult>0</difficult>
		<bndbox>
			<xmin>1085</xmin>
			<ymin>183</ymin>
			<xmax>1142</xmax>
			<ymax>270</ymax>
		</bndbox>
	</object>
</annotation>
