<annotation>
	<folder>train</folder>
	<filename>frame645.jpg</filename>
	<path>C:\Users\adamg\Desktop\TFODproject\TFODCourse\Tensorflow\workspace\images\train\frame645.jpg</path>
	<source>
		<database>Unknown</database>
	</source>
	<size>
		<width>1920</width>
		<height>1080</height>
		<depth>1</depth>
	</size>
	<segmented>0</segmented>
	<object>
		<name>pupil</name>
		<pose>Unspecified</pose>
		<truncated>0</truncated>
		<difficult>0</difficult>
		<bndbox>
			<xmin>1016</xmin>
			<ymin>148</ymin>
			<xmax>1247</xmax>
			<ymax>370</ymax>
		</bndbox>
	</object>
</annotation>
