<annotation>
	<folder>train</folder>
	<filename>frame69.jpg</filename>
	<path>C:\Users\adamg\Desktop\TFODproject\TFODCourse\Tensorflow\workspace\images\train\frame69.jpg</path>
	<source>
		<database>Unknown</database>
	</source>
	<size>
		<width>1920</width>
		<height>1080</height>
		<depth>3</depth>
	</size>
	<segmented>0</segmented>
	<object>
		<name>pupil</name>
		<pose>Unspecified</pose>
		<truncated>1</truncated>
		<difficult>0</difficult>
		<bndbox>
			<xmin>1236</xmin>
			<ymin>1</ymin>
			<xmax>1500</xmax>
			<ymax>188</ymax>
		</bndbox>
	</object>
</annotation>
